Grip_kg,Frailty,Height_m,Weight_kg,BMI,AgeGroup
30,N,1.67132,50.80234544,18.19,30–45
31,N,1.8160999999999998,61.68856232,18.7,<30
29,N,1.76276,69.39963261,22.33,30–45
28,Y,1.73228,64.41011654,21.46,<30
24,Y,1.7221199999999999,65.31730128000001,22.02,<30
26,N,1.74498,55.791861510000004,18.32,46–60
22,Y,1.7729199999999998,63.95652417,20.35,46–60
20,Y,1.7805399999999998,61.68856232,19.46,<30
19,N,1.72466,50.80234544,17.08,<30
31,N,1.6967199999999998,54.4310844,18.91,30–45
